track,Pass@k,QES,AUC@Time
Strong,1.0,0.8797674308328343,0.9323054499388509
Mid,0.6666666666666666,0.478322607002419,0.6219986998341696
Banned,0.6666666666666666,0.47510363697069846,0.6222021168033613
